patient,group,mediaPosX,mediaPosY,mediaPosZ,mediaAngX,mediaAngY,mediaAngZ,stdPosX,stdPosY,stdPosZ,stdAngX,stdAngY,stdAngZ,kurPosX,kurPosY,kurPosZ,kurAngX,kurAngY,kurAngZ,skwPosX,skwPosY,skwPosZ,skwAngX,skwAngY,skwAngZ
1,A,-0.0118130998703004,-0.11657346303502,-0.0316348767833967,-86.666773834441,1.30075119740602,4.41573303112838,0.295850400580158,0.310035731833442,0.246139691909947,18.7364572563931,79.7317903255345,39.8074535140566,5.23573310191381,2.84024984086358,2.10741580063775,4.54293366932241,2.49844705476283,4.73488728843883,-1.11764412618002,-1.21597013246896,0.470190133937516,0.892291346691398,-0.716385761527989,1.00008321320778
2,A,-0.0744305814273903,0.13661556351612,-0.246707390465693,47.7788308811683,18.7488150412786,20.8504733044916,0.245659402345544,0.207074579118579,0.156520521599404,17.3652415679814,81.2547926214305,32.0737982236904,5.6602433102127,7.83372101086775,3.67980204138066,4.44469898849695,3.25996779960747,2.23967765732721,-0.708876218429904,-2.28338636261773,0.691958449773355,-0.15571595324035,-0.521427635623447,-0.265874945904518
3,A,-0.269176679262059,0.0215183151811516,-0.0262698421871536,71.7894983935141,-5.87642549746613,10.8895375287841,0.333893492757396,0.204987718147,0.224210473895002,22.2799673549796,65.211935614589,24.8454004820763,3.33221560750941,7.85996905186357,7.09366088188104,4.39171026228728,3.00003271831963,3.10136189017193,-0.68178456960868,-2.31371087021581,1.60412087785957,-0.170100032870272,-0.322577416325064,0.0137094123500418
4,A,-0.153217573306369,0.0858833973710817,-0.19901205257836,1.87665645688375,14.7312222108756,33.0183429706775,0.269796989471882,0.223113795746774,0.13602460214493,21.393196096614,73.3693757255162,33.2184058015054,4.648182343188,6.1258666476443,4.50877043028277,3.75841611275126,3.70529229267521,2.91914943745316,-0.482661744414964,-2.01361127055523,1.03454063877465,-0.754372335924219,-0.110763969111607,-0.61835733536158
5,A,-0.0742006772908332,0.101652788844622,-0.171420398406369,-3.13647199433267,28.5063574392847,28.0280705358566,0.2316905719378,0.189307562500697,0.144079165797752,18.3694245741834,119.051073836405,28.9417006916731,6.91219004995023,11.0405748272773,3.36696326122365,5.35966544320182,1.64045972056429,4.18126555790399,-0.875175438555906,-2.74898129483623,0.509080088782203,0.696705068870903,-0.43964496817147,-1.00919006713009
6,A,0.139942509047046,0.288560048250905,-0.24409242460796,41.5991378115487,55.0302469273969,-47.2370033244874,0.254669404416445,0.281585838078838,0.335399362603565,24.6056169226639,93.5287342537441,36.4211300947232,3.22163903154314,4.68307667047536,3.08356660646702,2.95469547267395,3.10035108372407,2.46675987765126,-0.419017750035881,-1.68353299945165,-0.0772827643921769,-0.445575769797431,-1.04253863406435,-0.76951823926164
7,A,0.106321071819175,-0.0382831133795119,-0.0510777834487811,88.5660366633267,15.873757730113,3.19943198323005,0.346841533139972,0.203910251720224,0.170263547581553,14.7605359336112,74.4265211057673,28.9451636991553,3.49244254415423,7.17421257139109,3.41665978802114,4.69701105672041,3.51446271126799,1.99490287035618,-0.508051210627438,-2.17980553136134,0.818014979339754,0.69225861188543,-0.476000162977902,-0.500188518609435
8,A,0.0831071466953289,0.0517923589468033,-0.0382800322407388,28.5968639914562,-2.20102041939813,-10.9121517463729,0.218522430160329,0.175215896641163,0.396920639883862,23.6353806521348,73.3089423766529,23.27519529473,2.76958703768704,9.94390652532124,2.70526980828038,2.89192984674417,2.73600906991454,5.50068193778316,-0.455742166508659,-2.6058124700204,-0.464546002820331,-0.407721651279373,0.148889979749911,0.373290397481909
9,A,0.138304085275165,-0.0133566980664349,-0.151864491819536,35.7047872202083,23.7276413244919,-17.6658603391175,0.221438452972415,0.171685287414528,0.323444130705946,21.3445593658358,86.7453642991978,24.1352986910439,2.94744123161525,4.57897158717449,3.12209990919571,2.29449421331036,2.54109344372004,3.65973495132459,-0.490076492774108,-1.48010716973485,-0.478990831871486,-0.229306110552621,-0.513823547643339,0.0961169474076982
10,A,0.182413659491189,0.0239019178082192,-0.212511506849313,115.28200502197,9.29235870968689,-20.424690138291,0.171476887342785,0.113058184600219,0.332680854231325,21.4722153742921,82.1488919196259,23.5510964572145,2.91170824963852,13.0344151680235,3.67253871653634,2.45062195436869,2.39203666160286,4.16404809985219,-0.348264196565233,-2.88290147480264,-0.596633612706654,-0.132613595295361,-0.0995626948773667,0.219749227185203
11,A,-0.289835393654518,0.0469336662749707,-0.134795252643944,8.59907924632786,4.04575765434781,7.32078038249118,0.236736810106271,0.204009955060267,0.146338740486887,21.3235965896553,131.31760569919,29.0802125460638,4.95698839895489,7.1105397602354,3.58389505008725,4.55799009996639,1.31715699438887,2.30110235046403,-0.65507559720124,-2.20223531901474,0.831393221034508,1.06053420815273,-0.00289409328500759,-0.551859980417362
12,A,-0.164010939786159,0.101297175014069,-0.279315160382665,16.9198406484074,21.7263071610862,26.5054865019696,0.40780223292522,0.145873327123265,0.271783174035714,19.5881168469078,83.8407209475554,20.8624388620661,2.19243891291539,11.300450949461,2.3482131890208,4.4005262410386,2.63788002414077,2.8921058956415,0.0750902692637343,-2.69933810109594,0.433337293076505,0.544093040426964,-0.408568985493671,-0.556758439112477
13,A,-0.241601203162603,0.131552719147473,0.0150351598487521,1.15960803396356,-0.103248992589213,46.0435403911998,0.24683428332998,0.187523873335183,0.327239922889229,23.7922716080408,80.2555085720547,27.3376562869221,3.51753712856666,7.82892863115611,3.44694746694879,2.52666453115299,2.54388515709627,2.72944281281336,-0.546637646662052,-2.14846343155857,0.534675209433901,0.305242286594494,0.28278183372611,-0.502233469659816
14,A,0.0326274367655889,0.030823580959968,-0.242308890659235,114.484505885698,17.1604206519737,1.85506985142401,0.324712903510712,0.153935507119683,0.225996078827846,17.0639231684709,84.541289398828,20.0803398685301,3.37954127118938,9.94844822694154,3.74492246230458,2.86718631024812,2.67838398335798,3.22282903777249,-0.387134867658518,-2.52815900263065,-0.252721514702787,0.120955705672764,-0.391472605564309,-0.560575994918803
15,A,-0.0313828652702373,0.205487370054306,-0.321577269200928,91.8238447875354,67.4378585780503,30.943735295578,0.292820829459593,0.262124635442641,0.269779265997448,19.0089826373044,68.6021386055597,27.6747394141375,5.82617840170062,2.78359471951366,2.18945395408873,5.25992680833363,3.5196375083745,1.60763138092635,-1.32817862119201,-1.08421992071886,0.435770259111202,-0.237501446289909,-0.826958123269562,-0.32287218708318
16,A,-0.269647049582715,0.016047187039764,-0.184701620029458,50.5576039248757,15.7055702839838,8.9682280569465,0.307516095354888,0.132681030866031,0.163374639639437,18.4233089906379,80.0883228232068,21.9805029465157,3.44786965639786,12.9797198273648,3.36179230080277,4.46834666852264,2.96907216428151,1.99370733034376,-0.416408250849206,-2.95001196557407,0.695889743460123,-0.726238994208949,-0.515160732848804,-0.526824547114928
17,A,-0.289042189108639,0.150331519913302,-0.376403977241934,16.5543700536345,8.49283980834465,36.2702306670279,0.298697612858831,0.151142123682893,0.257145746862636,21.2925324424793,75.7732967588774,33.6279000705573,3.92306186089996,9.06576929205209,2.48183492230112,3.6201159435182,3.20922437496081,2.72909959256364,-0.0648633787570205,-2.22192106984104,0.53782874181792,0.010934916139135,-0.195941942587677,-0.185847407272662
18,A,0.0200097462454725,0.0577980838943551,-0.224119471776285,-118.352644652558,-58.4361708496531,40.2923354660797,0.266448537814109,0.245753632381081,0.16768115946493,92.7496402781084,77.5698315509823,35.4328402569669,3.67402072413583,6.92442666506158,4.11089213290351,8.49792997570352,3.46535400022611,1.76847737049156,-0.243439763727378,-2.12503457365789,1.06340123748274,2.65540031869154,1.0185300409878,-0.10118473705769
19,A,0.224655924581328,0.26106708279658,-0.312822564703117,58.2731485830365,17.4789044531312,32.9576255240659,0.259466782819165,0.234241902532393,0.361912590592732,20.2339925050462,71.7185233170883,31.4285067569217,3.23851092448086,5.4237607766719,5.21652879328103,4.83486498506842,2.80647556976386,3.25298193106918,-0.690417394113307,-1.7673506126183,-1.17028614827066,-0.7906429431275,-0.511087259592273,-0.0623666730407498
20,A,-0.212803373589385,0.10797777469808,-0.094690001979806,22.9850085869432,-3.9847574923243,41.3804837438132,0.380261645781296,0.116223923026547,0.346999054481292,22.0459564221155,90.4208255890191,27.1035063148304,2.23910659369069,5.29571267694919,3.32068862659709,2.86742819594369,2.15997861298068,2.31099972400761,-0.390904264854979,-1.55885557806497,1.01939555513108,-0.186766823181238,-0.0827832144957546,-0.148680024886104
21,A,-0.111866019666523,0.00311168020521619,-0.064210337751178,-30.0749852844122,-9.40736113451046,0.852951172295835,0.300321200770982,0.22069371481337,0.238973455635893,20.6075399903046,73.6447781734994,33.0853275181145,3.61850683301208,4.67224119686175,3.3021405201728,3.8943047669473,3.11067070925167,1.9791265358387,-0.227063261358799,-1.58853457052623,0.857189226653556,0.337203560407164,0.238038276932874,-0.436141646216428
22,A,0.0558280287382092,0.340247139649753,-0.243751665918273,31.1486751786776,12.7907106086237,35.6960522613382,0.227012951294709,0.176898949202151,0.153447445110737,14.9385126627943,64.2138931916426,29.7235496947169,7.27279131273202,10.0605804525822,3.50376589086274,5.48946092909464,4.00366036325614,1.81578880294529,-1.10981940519827,-2.42930685964103,0.63746257533424,-0.472702026374173,0.338759594664268,-0.00711756359127839
23,A,-0.463461445978878,0.0782705009477387,-0.43605582994855,24.104639653879,50.9966530441945,29.8826207955592,0.40691962447191,0.280634663772885,0.32061235715867,31.6092102442055,96.8607753204242,38.6616327656841,1.92483197082772,3.08905809443329,2.15248889313977,3.13322928932499,2.59060412380168,2.25420475667945,0.117205645458943,-1.28313581633391,0.0151918717128473,0.907187736328304,-0.882466804335483,-0.588621326229261
24,A,-0.162113766346985,0.277929433304272,-0.293504664341765,-4.17790033888622,44.2192165402441,37.124592021796,0.331072492943078,0.230207351140167,0.242765946407565,18.8877042986418,89.2214931390074,26.9459672631398,3.73042142199917,4.05750787348811,2.37250769484305,4.88358491972515,3.0819640678072,2.01370013116515,-0.049468751563978,-1.49948909267888,0.240689407705174,-0.148551013686881,-0.989025501575269,-0.320610091026542
25,A,0.0301232827071706,-0.0117105249134028,-0.172714303224085,118.779576740418,34.434555792129,3.71592047322138,0.362179649354127,0.177305492570591,0.15549085083791,53.9873189676261,110.909379683228,32.3300646508018,3.29578833949083,9.9434795084843,2.46789664052661,22.8314504135351,1.96976426238335,5.87113287299206,-0.174015140852343,-2.71466147194191,-0.0609703794143273,-4.13368842095953,-0.596590026370991,0.690522558143083
26,A,-0.143238351093671,0.00469902411665689,-0.0952781940549616,3.66952090993503,11.7525392082446,11.2577443174425,0.301178549024235,0.124835310158117,0.158939017421455,13.0906915769978,73.1022082735986,14.1397189154344,3.80097817056349,16.647499196778,3.57939332714405,5.23169023211116,3.11641860217575,2.3641099995658,0.0934228547617524,-3.60732724044711,0.680434334419331,-0.917343881905597,0.0104041725220008,-0.285097461010301
27,A,-0.379997599999999,0.0493202666666668,-0.207261333333333,25.6009603860053,16.5569939872533,24.6700558933333,0.318506857410896,0.149911722489624,0.189719408845397,17.2236976584087,85.5838985559529,29.9312355940112,3.16775845927834,12.6520389007698,2.36544824145669,3.44408899676829,2.62152710321087,4.50444738463788,-0.517014126332696,-3.00120198442161,0.0513977491978314,0.54084878689805,-0.419971101715132,0.819613590887396
28,A,-0.0278601725997757,0.158538446601942,-0.104665199568498,48.0874925226452,26.5134931407048,0.854654742898193,0.271955628970777,0.167178785253205,0.153632983906562,21.6551756336961,83.4252095043465,29.1244953285238,4.64627361276926,7.20366261877348,2.64292368645414,5.32485222534412,2.42245609010223,2.65414673721721,-0.819877707073606,-1.98059758799252,0.390729352959442,-0.890346151802841,-0.597871024869796,-0.383615320431085
29,A,0.341293372606779,0.0794931958762887,0.028986332842415,17.0864805657585,-34.2385288978646,-17.1685841148748,0.296699784761421,0.132708757900806,0.163192367389372,16.1218040809987,66.8613325368668,20.6641282705649,3.30820319672583,19.9615024969726,2.07094152953598,6.83057791685057,4.0856559457298,9.62054975023183,-0.0557964169061416,-3.92371569403924,-0.208298805047892,-0.592078627799562,1.292475602083,1.97946112651403
30,A,-0.305503510171514,0.00564718787395272,-0.018486637415239,1.68911437365776,-70.171128197479,17.6796880606302,0.210208758671732,0.16517726902508,0.189325115403549,22.2592293444344,71.2371816887908,26.429364459632,4.14665427721786,8.89415445183615,4.01600362998263,3.3888202894871,2.52987440342015,5.55355072081566,0.380257578328569,-2.38045985682456,0.85920338882148,1.03773085788898,0.513382624514843,0.696618581871665
31,A,0.000781686746992852,-0.00196409638554224,0.033322168674701,-22.8340286598554,-20.9534290706819,6.70924902891568,0.34595963897193,0.153474793788293,0.164573516661197,23.7508591978573,72.6615207791082,27.5033692738941,2.35945695880752,7.87506150126787,4.67303423505047,3.27523086974672,3.09020941092687,2.06251470598674,-0.123992234238078,-2.15876531458115,1.12426906009993,-0.335540507111617,0.581339293453119,-0.133589101270147
32,A,-0.245260516577437,-0.00409662252277644,-0.174946730534425,13.4362829941316,13.3988507032686,18.9923419348174,0.30695238223282,0.190696149850623,0.150219930406422,25.4046236929335,81.1009358030087,30.3796829424398,3.45764440549973,7.40391613994693,3.17149213702007,2.83794945187594,3.06724232230961,2.28818159965599,-0.575128332359032,-2.08698718151201,0.31907900639158,-0.134160914999821,-0.280699875553111,0.290386146592207
33,A,-0.132114282744283,0.141379126819127,-0.248869532224527,19.2765482469569,-12.5672719443087,38.1903864261954,0.304373551955962,0.147168257447281,0.225108102661469,16.7803875356286,81.4151502469308,25.1794882239548,4.28291220164595,8.26929635300194,3.52655923781107,5.12202968412632,2.94559757891926,2.10919539833612,-0.870758025058176,-2.16883245129812,0.898015892943082,-0.513508003082468,0.0146851028511327,-0.0624930447017134
34,A,-0.17175569948186,0.172954313471503,0.30342146373057,-21.243014057296,24.514090748057,13.963373773316,0.217131441712477,0.183132582594392,0.326244405599092,20.7924103471001,78.8544346621962,22.297910808747,3.06880566255849,5.77023487061126,2.9033138502149,2.28988800083115,2.64466151632882,4.79265836934243,0.659899996395895,-1.75431068238962,0.239593763139218,0.282739980825124,-0.476718026274864,-0.277618820305027
35,A,-0.0766006164553809,0.0283457767834948,0.164242724335072,-30.8231559416605,1.79733169460601,3.42766633905046,0.193598137792068,0.218547293581531,0.264202910955707,24.5995938168275,86.5450879483171,33.3418972054885,5.10458426520061,7.9650101042523,3.97376407886745,2.39434047142078,2.39017087564826,4.48455416382459,1.32984288621448,-2.27466552561253,0.535554369197934,0.366629325328973,-0.0467143328253831,-0.612823365562148
36,A,0.0507300775193764,0.0588886821705427,0.256720310077526,-22.2995301694884,-24.9161019178294,-7.48017207131782,0.311849163132876,0.205910051248096,0.398351019799234,29.0924573819051,91.0061906387569,29.8430027519731,3.30279134750478,5.65701220539859,2.51325553655934,2.93940981069329,2.36277588288925,4.53838719274213,0.454634952045068,-1.76183091348676,0.209146670220768,0.252264230333099,0.535458664576838,-0.0425513289301715
37,A,-0.215242029887926,0.0972065379825651,-0.190181382316313,23.0166549276339,17.6206996365816,12.8895649788294,0.326719502859929,0.216797305301559,0.275503568165342,21.8747605132023,77.2061089829217,27.8552426492032,3.94289475931096,5.31291330802108,6.07238000699399,4.04616299382825,2.90399859995356,1.91189811392222,-0.763390703985693,-1.77408181670535,1.40626163635993,-1.04541712056167,-0.348010869022044,-0.459142078278827
38,A,-0.0246070240870229,-0.0116989277389278,-0.10993858585858,38.7973390199883,20.4410751188034,1.42400857031858,0.26486770451768,0.213751782558658,0.184681640155048,19.3687964123729,70.9942475944961,24.7165050347,5.56406296513551,7.82288280748342,3.04672889974518,5.38632841903504,3.72041658373778,2.62534315289774,-0.753205107412137,-2.26285001918959,0.77102622744805,-0.481880233520214,-0.583126609776342,-0.571014948612923
39,A,-0.149100294117644,0.0659347058823527,-0.100932941176466,112.905255263712,4.47089293776477,11.5695450882353,0.323738583859764,0.189738498033433,0.204363792169848,18.5392895346588,79.0301933317788,23.7400744928335,5.2929762078026,4.42714240697222,2.38590110062262,2.99116795951638,3.32273984991634,1.74125644872926,-0.863051849711756,-1.40183790843665,0.595113490202837,0.0616987793168454,-0.443484875059454,0.139564325464062
40,A,-0.127508366583546,0.0757659850374063,-0.265620897755612,26.7111894332606,3.02290496920203,33.058992803616,0.314078898595183,0.180475357115768,0.182817259563217,23.0813678240898,78.643599639266,33.6399295644384,3.32445449899758,12.2320369541971,3.68487316860018,2.46036061703321,3.10396472712088,3.61438716446424,-0.695443292577693,-3.05299651606446,-0.0790615614610388,-0.488967371198453,0.129182954343632,-0.705486467841514
41,A,-0.0842934393638219,0.161858578528827,-0.310421312127233,-38.1408367137575,29.6971241507406,35.5158297534792,0.232663929986747,0.181439470786818,0.221173359320573,19.2615739877486,114.589532355296,35.1814493564791,5.30225467209725,5.89463313477296,3.42954742225229,4.05780817382805,1.72091387912815,3.32905443028079,-0.254422395101192,-1.55407102398845,-0.221689532884031,-0.0550783193408267,-0.475417373459259,0.482772363137046
42,A,0.155902632441292,0.206500873839432,-0.382517280174771,35.8408427645275,1.3517684213818,16.4618383364282,0.311899073780153,0.184876344920082,0.241009906069729,19.6275562509927,83.2445166449081,21.8055556935414,2.99137021066743,7.16212450019868,2.9113540376646,2.63680740881301,2.77778740384451,2.11877420949075,-0.695515319099144,-2.02236494972567,-0.0608744781440085,0.041073793937575,-0.374092719467398,-0.0562650803990381
43,A,-0.0965769010727062,0.0014760905840285,-0.174088104886765,112.481514905478,33.2048722368058,29.7133072205006,0.33667110018459,0.24903076861255,0.203160200760897,24.2277519177814,104.436067504264,31.2406430982764,2.18259772232104,4.78306517135807,7.11840787252509,3.51399683676772,2.19617259433417,2.98556132570342,-0.0916860095787192,-1.7296243441981,1.57761859160384,-0.212774493699248,-0.729261891071112,0.0990532774324837
44,B,0.117764637002348,0.285292318501171,-0.364866791569088,11.4363812705036,0.369226589114806,46.6314828946136,0.350736717414435,0.23906861666943,0.191980375209184,25.5015266743691,85.3194861822549,32.8989428431954,3.4139378495306,4.73668746967286,2.12751305265694,4.21165637277509,2.64571047356539,11.0322967090956,-0.143284141681277,-1.56102638382545,0.000502453009658187,-0.853327713599986,0.061672738918612,-1.27121114955557
45,B,0.00664170212765868,0.0366339651837523,0.385731411992262,-44.8922403037057,10.1233202637331,6.00592066473238,0.336556438882618,0.111492756735687,0.363382454466496,17.9788952981303,80.2584109577469,23.6553263886891,1.77576920583635,10.0842915736772,2.0823256501357,5.2282383595225,2.62357904625507,4.58728154648936,0.382735344375944,-2.76954509209101,-0.243597118565784,-0.0828648882406695,-0.150962659924732,-0.109705578036812
46,B,0.270219647218456,0.061328303934871,0.0592817367706945,21.8904753422686,-0.824293071913133,-8.73733948710995,0.155775871067804,0.126456525428837,0.292175660171323,18.5958777186237,77.2538436104987,19.0300453215639,3.49348614279742,13.9323662286527,4.59185905373723,2.8584787884178,2.87136672247093,3.77989998871058,-0.840854136473732,-3.20644069253716,-0.969007183713887,-0.639832635590273,0.0935573050062533,0.151691860645648
47,B,0.231854487320851,0.205044410143329,0.107552690187439,26.1118742549614,0.144057870038636,-25.9696921157662,0.172204833830314,0.159994492538102,0.270234142389466,19.651525119944,87.247356031785,22.0305723166903,3.29653255124583,6.62277928072596,4.19039473404352,3.49796316489682,2.33031791967029,3.70288798696076,0.191567928632099,-1.93072773238024,-0.761895107328102,-0.45460234033474,-0.187733602778376,0.345159842642711
48,B,0.121746149162867,0.0278871537290716,-0.10349721968544,19.1639412790851,19.1711746694064,-10.1804599675292,0.14790457117002,0.107085599202344,0.291155463108851,17.2864980400648,73.7166460210863,18.4010140173786,3.14311749102854,12.9781762721167,3.52694156942336,2.67773444677825,2.42750224418663,4.72209269767184,-0.347434791735553,-2.99426602549193,-0.210500861746196,-0.16392856449235,-0.0940748290166036,0.626750932187411
49,B,0.136517462848861,0.0501489017760061,-0.140265741210583,0.675826604595878,22.9413431290323,-8.01944133236678,0.210885359553262,0.217753214436221,0.282090175428081,29.0153266662422,80.2979342725489,36.6004159149236,2.17102749430518,6.07055981108938,4.46483843266638,1.55517411185517,2.7887241043782,5.06118439281456,0.110165030300302,-1.73146162372062,-0.415619782298469,-0.146769201988471,-0.176872162003877,-0.0420463156155112
50,B,0.0241960702122124,-0.102347063138591,-0.0174753680901258,1.784735247105,11.0070816434373,3.66982891590258,0.177752876635703,0.272775152649832,0.312476709499089,24.4695671173768,86.3426383938287,36.0569932414803,4.59525763618352,5.470361490044,4.20654302591684,2.09501349104067,2.27921047031613,5.82089782197223,-1.07662951758894,-1.96654631110332,0.157048964427707,-0.574374073375207,-0.00896573644335634,0.397722087684446
51,B,-0.189731601571519,0.0219277235960246,-0.0963908204298606,11.317194037994,42.3805704484401,5.42010298821355,0.447162894446286,0.131434401223688,0.245523802228231,18.2155738859444,73.8453187131286,21.1825215764487,2.93819429812224,10.4392913418398,2.26449413473741,3.75105046091149,3.46175735075679,2.17316816488976,-0.291571363095819,-2.52843314330679,0.392434917390214,-0.511512178363801,-0.981131319033473,0.192602265155298
52,B,0.0581179785431937,0.0401374929418407,-0.0868655448898848,30.9272785960389,49.3067658402315,24.6424836137776,0.36007967766567,0.164962460570913,0.324386727259821,25.1091885970716,88.8107353813365,27.0851679025601,2.28991904836553,8.11798782275567,4.81316348471479,3.72716698810097,2.67175239580529,3.21335213274721,-0.411814654316648,-2.30428255759034,1.44016680073731,-0.549697484965494,-0.798297463132926,-0.578626531602082
53,B,-0.0473948999129677,0.277680539599652,-0.399966684073105,31.166844951725,-19.29513068,30.3991176100958,0.308008417039809,0.163455229689571,0.243198732466724,15.9910821269126,78.9348145069081,22.4226417842424,3.03946249005895,8.3960567854826,3.17756947432923,4.58877439083778,2.35609508453847,3.15918386835231,-0.344215829291138,-2.20216234895724,-0.243373171362355,-0.919352270205149,-0.122908903507771,-0.98867621167055
54,B,-0.0394791591591568,-0.00381123123123135,-0.0656819819819835,10.0252042068109,-2.78927489147146,15.5325865885886,0.336509964691882,0.159432428334237,0.158568744355147,20.554930549288,82.5639902644008,23.5152538504227,3.11482010193533,8.05917498341458,2.52672025280015,4.68135324263553,2.55796704607317,2.76314709360853,-0.430022529676697,-2.34470583067053,0.0684619904803454,-0.356018650624389,-0.257367492965703,-0.246158520708184
55,B,-0.251407548327711,-0.00748518563976686,-0.174448904571953,113.142444112991,46.1460715778459,5.61147194845048,0.346010951549923,0.203473263223065,0.182216687463174,16.7541859731172,120.008583539909,19.3295686346378,2.87684187430574,4.05502216723171,2.94926954403451,5.97334493138593,1.95061573744278,1.86078881315056,-0.442665099208786,-1.5603327504539,0.693790632004467,-0.923550608120837,-0.658427035198638,-0.305297360815589
56,B,0.227982591083115,0.0479027713968136,-0.196622129183648,15.4671484339533,16.7357274876991,-38.0103443517352,0.262549740769849,0.253418616207141,0.492812849109119,25.2393991086867,87.4818693411062,31.9165725329208,2.36762360198948,5.777899117002,2.2558980830635,3.09120876714776,2.31975402629842,4.23792007749009,-0.310654160269487,-1.92232725223433,-0.488202231072073,-0.24372919870697,-0.256709379937066,-0.226856392213946
57,B,0.305277962382431,0.0933069435736672,-0.360230822884011,29.7211568554624,32.8284558166144,-23.9982836371474,0.206412014802322,0.303143298223389,0.426072565200447,27.6930975379649,80.263950661997,35.5271005064925,2.82095670300895,4.10725309272236,3.83465514602205,2.6155366183298,2.29152912032802,3.21211641204507,-0.610565896305805,-1.56454145883328,-0.808980287417598,-0.455265701994873,-0.281118908203057,-0.170815089858453
58,B,0.0296014259597818,0.510771663619744,-0.317748446069471,52.2448265557221,21.5845285488117,2.3918878025594,0.36726476797202,0.205934597836759,0.256174797388288,22.4137174759889,83.667290903964,24.9979534276375,2.1353347629263,4.12456900158185,2.12418725065927,3.14016459261344,2.67855438196257,2.40527915092945,-0.0135587506730235,-1.51315900087875,-0.0991074522416956,-0.286968107453148,-0.573032824450256,-0.404601810764891
59,B,-0.181800837448152,0.242825301204819,-0.331326265060244,45.0052451658996,7.92698590154065,42.2075627272368,0.440565849550028,0.179105292754607,0.211506249606703,25.68712913366,72.2782390625064,29.7132162852669,2.68964042927856,12.5782087026885,3.52688494784496,3.25388336493551,3.07704931022873,2.25388115165336,-0.463669690021692,-2.85357154982785,0.763476306760633,-0.296610940823088,-0.202138170394862,-0.464652133319881
60,B,-0.013425431425986,-0.0275984014532247,0.0849881743869224,-85.6444881409937,3.73218725880829,17.5794330881017,0.354934017584381,0.223986531092421,0.396845718438237,26.9916490483407,76.4369901738643,32.0599952023098,2.32736892776769,3.1878731031967,2.97721324343842,3.21189427818883,2.96539916013415,2.07727318226431,-0.0122530569047574,-1.11302792634744,0.703646194055939,-0.431962404549131,-0.183379916631916,-0.019166017967428
61,B,-0.0723258941478124,0.0404130146887389,-0.160416306831435,8.79967407084401,7.70778397073908,13.1211353443693,0.30611391485928,0.149563687862196,0.185362177405416,21.4850739152002,80.0544675165696,33.398666424755,4.48221698090661,9.86521839806857,3.08218353562228,5.69238779791042,3.01802464439846,8.51020486487938,-0.385449414292884,-2.41907212809075,0.28093117788095,-0.877987526204959,-0.568825518061289,-0.692505416746269
62,B,0.0769281672025715,0.0452016812126779,-0.243965980707394,25.0409595038814,4.2826224232889,-5.49288612953608,0.250424779638175,0.168348100668493,0.318105334265528,19.7687542619914,82.3097369299386,27.2906233019728,4.62453755583371,7.96373188128175,3.50461512601579,2.45640001683156,2.22645273213633,4.10078102914061,-0.927974799106902,-2.3078868651134,-0.739287063231396,-0.0400121956431203,-0.0151184047656532,0.432849577258348
63,B,0.172267850813932,-0.0232901339377703,-0.0769672532454159,-2.45132748585822,1.37903471896867,13.3828557424274,0.298402817621559,0.147447662778857,0.176413826835016,13.3811665712393,82.6954563062179,21.6642977161809,4.07003535539764,10.1899407833187,4.56915947531418,7.02546840382755,2.9467764674724,3.80796117373638,-0.304713257108653,-2.64675790519892,0.822823750056327,-0.830788418908587,0.151866058404118,0.266278556249973
64,B,-0.334502026683609,0.18900123888183,-0.297943233799232,21.536334130858,2.29472566488358,27.5892025501906,0.569280690434819,0.238377468813353,0.305709423069906,25.1249281047476,106.297892142086,24.6257332229655,2.68398135676658,6.54372545827562,2.78211344609166,5.75679251298488,1.78505768621869,5.2122789875149,-0.416327908485354,-2.18350579261775,0.202945579502301,0.0664717189031813,-0.225722661243344,0.0584310254133513
65,B,-0.221442807017545,0.128412280701754,-0.28654842105263,18.0284520675088,37.1706813256386,-45.9759836491229,0.318543264895413,0.173206024627952,0.384355997285477,23.6626285956183,92.996228118015,27.1974331271005,3.80408248477594,6.19317037936071,2.90014126544694,2.9997530764513,2.59382340087797,2.88388722396535,-0.874636663313902,-1.83082073128022,0.863708789544174,-0.598918439227921,-0.660205104039609,0.185589024893617
66,B,-0.258535178997609,0.0377135083532221,-0.0801457756563241,4.95900202823865,11.9093814231622,23.2797822195704,0.374910780766731,0.162047561797202,0.170219387398494,18.5027760088676,81.8751305154507,20.8432828663085,2.35714494269417,8.80744835236059,3.83400047970963,5.32495759357473,2.92212520593495,2.73294025577134,-0.163753402493529,-2.5302845710091,0.87615751792224,-0.40516548182841,-0.412433341076475,-0.79357221109107
67,B,-0.108404577114424,-0.144968855721393,-0.0226905472636866,18.2326361636319,5.73099338897519,4.9540844597015,0.535773111056905,0.32877639881412,0.288773268302083,24.3342655620273,72.6004282022019,36.5682348817358,2.20664202724853,2.15651354854843,2.93665003605921,3.01390748635361,3.32427643095762,1.78442273401351,-0.162278406929789,-0.895512948388993,0.537393929649157,-0.265574646937271,-0.70689299878715,-0.196857941799621
68,B,-0.0981408225481676,0.0668578947368421,-0.27485588725913,75.1715640392723,9.77675615565143,21.8081240742019,0.291709571196476,0.196067678655326,0.175670710687787,22.3715739907964,82.3493266989616,27.8997689388434,4.50235592419654,7.80374454067993,3.10319265668946,4.07001209498492,2.85065776725127,2.31431900043833,-0.683676505815475,-2.28405157038869,0.595553740628219,-0.337043514899252,-0.410622256630127,-0.499026472202538
69,B,-0.300865166384657,0.029755792442189,-0.177691347997747,14.6049109485899,7.02554246071626,13.0582736638466,0.442403138269026,0.156044007676131,0.243701290282715,21.0050777383738,82.5764600779058,22.2580258421424,2.19786775530573,8.79779281845768,3.19890992764198,3.15203182861312,2.31088747110776,3.50450599627205,-0.539695512453351,-2.49220073932482,0.666316925884234,-0.347912821489127,0.0100308472449187,-0.491554389826517
70,B,0.0313042565914551,-0.0711914107094317,0.0984680076107652,-5.51059831717644,29.0084259582767,-2.65902018048383,0.271866453282245,0.204590288310193,0.262000564395334,23.5257814463757,88.3074386073735,26.3753473248585,4.14027709007499,6.5206435268263,4.35013902065399,2.78987556915485,2.39575275939716,3.07054241159193,-0.827697199440481,-2.0745369068654,0.615568600942187,-0.807851075181116,-0.605717455598166,-0.617939573480671
71,B,-0.217177266961365,0.0972392004612723,-0.171623290409378,37.4880294353814,23.8128911688449,3.01203151835481,0.395355120916302,0.179564698962223,0.325189457092814,17.96067600745,84.2794329414658,18.9099788477749,2.34961654350967,7.48815248481872,3.97593535346429,3.54545667428968,2.66605880015128,2.29627823284679,-0.246559828529057,-2.25736394115216,1.16254476144593,-0.467992590323302,-0.512686856963404,-0.271104779226936
72,B,-0.139576913099864,0.0340619282317335,-0.0821575097276196,8.28625445219203,11.455594826096,14.5012959552962,0.252081354424522,0.182627660170322,0.170718058122212,21.4802716132627,78.908298360093,36.7232827077837,5.13366821739226,9.70300505989891,3.88933498784745,4.13459810820963,2.54580407974719,2.45263312508244,-0.602118904200258,-2.4624035252714,0.733285478654245,-0.394751888095493,-0.508592665676677,-0.273832915692468
73,B,0.0851238659543367,0.0183409227780479,-0.0596586789703746,-8.91300561029898,-52.1934670406994,17.8438895080136,0.248556952645842,0.153484771865742,0.212441376278531,20.8472557124612,92.0028073248582,26.4087568263657,4.74206354031563,9.39510576199621,5.98719554347397,3.69822111554753,2.5624893694254,2.78853866901454,0.124176925840116,-2.4071745350969,1.42480240605133,0.0317626378203256,0.770566631546862,-0.346148199799745
74,B,-0.336154911350755,0.406901356242003,-0.136721725461519,12.8862314233797,11.6136566051727,-8.7779297305794,0.404681463271004,0.197780886321736,0.173997075531388,22.0193348021158,76.9509915967663,29.1583305309094,2.72034576155714,5.46857632901596,2.70620645401109,2.81883053799614,2.77055552350036,2.43059523464312,-0.646074362829753,-1.74520353404964,0.542547342437811,0.0527962968860783,-0.381993787405638,-0.147308638173433
75,B,-0.202509918699188,0.0487237398373987,-0.151430081300812,5.05481735284877,-46.5983946883415,31.5099266552845,0.299235746149173,0.161004856311013,0.193914158728632,26.3053984050582,95.48854533811,31.5572583847352,3.78020911076381,6.69835036722492,5.00807614309608,2.89171945722076,3.00543885315869,7.89813536833078,-0.396776067211095,-2.05521777997018,1.27924677839062,0.690489447046896,0.964247376743369,0.95355303597551
76,B,-0.0128216356555563,0.0483617395067071,-0.11838188662917,2.615923900476,1.87823711363915,24.4950232687148,0.342966061020934,0.190789968232342,0.281622554335678,26.3122850127543,119.559166678879,26.2849837488321,3.14391882646126,6.57502715390534,4.40123762970469,3.13640882310901,1.44553564382885,3.12091860178188,-0.674382368190464,-2.0100607824782,1.34438177589947,-0.371358621191234,-0.0717948418585565,0.321516510750163
77,B,-0.0326647172292903,0.00381765892152583,0.0528676720736493,2.63112653102589,-19.1940988789018,24.9421372213941,0.298042301566141,0.185524080083338,0.315992131954297,20.487154848927,62.5567789601724,25.5900254105318,4.17109044729577,8.16420320376703,4.8709883328023,2.96854452303294,4.04201225295152,1.70066672340576,-1.09167288779902,-2.26576923200143,1.35068230872624,-0.951261263791038,0.0250984724833299,-0.350215900863092
78,B,-0.158544066181998,0.157203890699423,-0.187224256705943,51.6600358587617,-5.01936201581846,8.99142887465532,0.36953736619923,0.211654531739156,0.170772217716647,26.5321368401926,86.5010442478887,41.971870127377,3.64062538094315,6.13545368410163,3.15206851422295,2.9829044094714,2.0950005202392,8.48112660338954,-0.85412872228453,-1.93201030638669,0.380314238404614,-0.57291054661304,-0.215606385954542,0.0116364149354779
79,B,0.285568490624036,0.0782353273901011,-0.0689392991085108,103.233529869477,19.6421637746695,-23.323172023363,0.211427053957696,0.167140497065247,0.391178681584201,19.543320845672,87.0571441178722,20.7748721012887,3.22590624562864,7.69089022422459,2.30073681388185,3.07661839644255,2.38679252074965,3.80856394713978,-0.646287775014466,-2.29749748336431,-0.340572015284086,-0.577926450176273,-0.25215829767627,0.254901703942908
80,B,-0.220008984375002,0.00480445312500036,-0.00338695312500667,4.66201750625,7.92784886599607,13.7544997265625,0.256651079691976,0.18626047257562,0.242963351572215,20.9944243916442,124.506016610506,22.4260524290892,3.41211841734747,8.67082625372776,4.74682533406213,2.7457571854325,1.35839781603011,4.02044711089061,-0.0155708155532185,-2.47236792016807,1.09817419329711,0.655187861546987,-0.139837037805285,-0.254636609911136
81,B,-0.0420219216847593,0.0210538466600856,-0.193594123066796,130.979802364929,7.76017858269173,8.93878147943404,0.405991360368182,0.138778481582247,0.203319320948713,83.8623295602146,85.4029874223744,18.7455868895682,2.68270248269722,13.4449732136273,4.08711170049189,11.7703991993504,2.49226856598876,3.34651387370986,-0.457144835641938,-3.02253558276092,0.844474927266467,-3.2209982762147,-0.179584509081065,0.337503077193879
82,B,-0.176173578595314,-0.0170539799331107,-0.107915117056848,-133.670906339184,-56.9523165818628,10.5603524816054,0.356052487951167,0.173026642457784,0.179571561981387,64.2497054428361,99.8314518616027,20.1253038907608,3.38761526889721,9.16598555794307,3.48381396219069,19.1945344005704,2.6115250570333,2.19260595371954,-0.430350468950866,-2.57620347399552,0.422457102126318,4.14250460709965,0.853490046582451,-0.562820846193572
83,B,-0.224197803138379,0.0847909557774607,-0.11864479315264,57.8511861526762,10.1912148175464,41.2268648901569,0.353988261018166,0.20135953533165,0.284866658889527,27.8202078739907,80.1932113382633,20.4458583591002,2.71319853958012,4.32155754883465,2.69720039626428,3.48157970618642,2.68002739894529,1.93958151965848,-0.460425447030121,-1.60594676481697,0.631733781163396,-0.54051551049113,-0.172628714933794,-0.402057121101915
84,B,-0.2340523896929,0.0658543522767383,-0.217680352982705,22.4806544808506,10.8759345097843,21.985897102012,0.384953579592851,0.0855598151166885,0.133305110281114,21.9011923753837,86.8160952912403,23.331326228508,2.27481087891932,19.5792936900032,4.46756897510318,2.18997520418836,2.30847610126213,2.41157667039063,-0.41349607930399,-3.44448297290643,0.643900269400858,0.172231612936816,-0.267802404166777,-0.147991323969115
85,B,0.23864164470474,-0.00755170815031723,0.0361417813567556,8.41643753458889,-14.8747405940995,-19.3355093816496,0.268616836264707,0.177514310099055,0.162967130219283,21.1226251639508,86.4405019185678,23.584469364601,3.441178173409,6.75400616333188,3.27198497555765,6.43949558851999,2.4718927145282,3.4150045622125,0.429436123689468,-2.1625260712527,-0.77097053119339,-0.240528088552972,0.344759936050527,0.449571416659994
86,B,-0.109078563091161,0.130300897564903,-0.195877725900582,21.1673473279332,37.058670018539,21.6780668685852,0.316536311829385,0.203075626471784,0.227859285221328,18.8761492290724,79.7294434737459,23.4220089217077,3.14490129166111,5.82982416556952,3.35667712556119,2.51782455960057,3.67606213034116,2.6479892892658,-0.308991522514746,-1.84150875668237,0.726082373854779,0.420643161215867,-0.931317675133074,-0.608575652939294
87,B,0.0230245183407649,0.151194645183408,-0.190778642440865,12.406268623339,38.4519783337676,21.5567787144326,0.352739889856978,0.149498237564286,0.24138360536307,18.9413392501477,89.4110148530133,20.4013140935205,3.18491203912546,9.23432271037843,3.00064676331886,4.61486699272495,2.79341330748941,1.92628357747721,0.165048916672687,-2.35799297614332,-0.00915391635158434,0.87655211157415,-0.70227117128539,-0.394501184290996
